event_dimension_id,date,closing_implied_prob_1,closing_implied_prob_X,closing_implied_prob_2,event_name,result
253477000010,2021-01-16,,,,Godoy Cruz - Gimnasia La Plata,
257885500006,2021-04-02,0.47034087518113704,0.258875078492565,0.270784019638086,Tvååkers IF - Torns IF,1-1
257886250013,2021-04-02,0.42720672066207,0.252267242845846,0.32051925969426504,Lunds BK - Osterlen FF,1-1
257884500006,2021-04-03,0.525702919898322,0.22597446045256198,0.24831941872253102,Skövde AIK - Qviding FIF,1-0
257886000010,2021-04-03,0.42713555114460205,0.26349801555625196,0.309360876766732,FC Trollhättan - Lindome GIF,1-2
257885000007,2021-04-03,,,,FC Linköping City - Vänersborgs IF,
257887500003,2021-04-03,0.30336304163211,0.238004584884038,0.45863510484923603,Oskarshamns AIK - Utsiktens BK,2-1
257885000005,2021-04-03,0.320082692946928,0.256291134815638,0.42362617223743393,Assyriska Turabdin IK - Ljungskile SK,1-0
257887250005,2021-04-05,0.503856303839711,0.23758627657662199,0.2585577792197,IFK Malmo FK - Åtvidabergs FF,1-1
257885750010,2021-04-10,0.351497832074529,0.267117836483521,0.38138663987046995,Vänersborgs IF - Tvååkers IF,1-0
257886750004,2021-04-10,0.45835749947582394,0.274967814359115,0.26667173622991,Lindome GIF - Skövde AIK,2-0
257884500007,2021-04-10,,,,Torns IF - FC Linköping City,
257886000018,2021-04-10,0.26680018167826397,0.25522769751842106,0.477981476899004,Åtvidabergs FF - FC Trollhättan,0-2
257886250017,2021-04-10,0.557645074062748,0.255339618161088,0.18701431874069396,Ljungskile SK - IFK Malmo FK,3-0
257887250009,2021-04-10,0.332431344402721,0.25967547277105,0.40789590010535903,Qviding FIF - Oskarshamns AIK,1-0
257887750008,2021-04-10,0.45909675353323104,0.23196005765930702,0.308940043993061,Osterlen FF - Assyriska IK,0-0
257885250014,2021-04-11,0.593934297590749,0.255260464531602,0.150803702854318,Utsiktens BK - Lunds BK,2-0
257887000017,2021-04-16,0.377257282780687,0.292820618400308,0.329922098819004,FC Trollhättan - Ljungskile SK,1-0
257886000019,2021-04-17,0.48285004255012604,0.237847887532553,0.27929815909010397,Tvååkers IF - Qviding FIF,2-2
257886000020,2021-04-17,0.31945373289636303,0.244433147803647,0.43611149568459995,IFK Malmo FK - Lindome GIF,2-0
257886500012,2021-04-17,0.42566794870072,0.254979306802852,0.31935309342225104,Assyriska IK - Vänersborgs IF,1-4
257887750011,2021-04-17,0.568974699504906,0.235261759924469,0.19575987799907998,Oskarshamns AIK - Torns IF,5-1
257884000017,2021-04-17,0.458186955278507,0.262603445182322,0.27920077313319797,Skövde AIK - Osterlen FF,1-0
257885000012,2021-04-17,,,,FC Linköping City - Utsiktens BK,
257886000027,2021-04-17,0.5166739572014191,0.23503394817817003,0.24829907642561,Lunds BK - Åtvidabergs FF,1-1
257884250020,2021-04-24,,,,Lindome GIF - FC Linköping City,
257886000030,2021-04-24,0.4714468113088521,0.24854238660191197,0.28000315386452695,Qviding FIF - IFK Malmo FK,0-0
257887000018,2021-04-24,0.470969483343652,0.24483483171206896,0.284196589171188,Osterlen FF - Tvååkers IF,0-1
257887500013,2021-04-24,0.436451213696273,0.238004584884038,0.325541857542703,Vänersborgs IF - Torns IF,1-2
257884250018,2021-04-24,0.220608323725173,0.220608323725173,0.558785348170204,Åtvidabergs FF - Oskarshamns AIK,1-1
257886500017,2021-04-24,0.436303803551709,0.255175621568924,0.30852076920564303,Ljungskile SK - Skövde AIK,2-1
257887500020,2021-04-24,0.8148685809865129,0.119950848835288,0.0651882748643402,Utsiktens BK - Assyriska IK,2-2
257887500021,2021-04-24,0.6263088148261889,0.22561347231385298,0.148084397515049,FC Trollhättan - Lunds BK,2-2
257886750019,2021-04-30,0.507286657790407,0.249595189098116,0.243118153111476,Skövde AIK - Vänersborgs IF,4-1
265374250002,2021-05-01,0.380339401512174,0.254817513603484,0.36483802911243396,Tvååkers IF - FC Trollhättan,1-1
257886250024,2021-05-01,0.594115891872207,0.214733276254265,0.191143491800176,Torns IF - Åtvidabergs FF,2-2
257884250026,2021-05-01,0.338263105630176,0.235104530031094,0.426632268034155,Lunds BK - Lindome GIF,2-1
257884750012,2021-05-01,0.470724371465622,0.225822498410707,0.303456553985598,Oskarshamns AIK - Ljungskile SK,3-2
257887750017,2021-05-01,,,,FC Linköping City - Osterlen FF,
257885250027,2021-05-01,0.36627666294225497,0.26743687465204896,0.36627666294225497,Assyriska IK - Qviding FIF,Other result
257886000038,2021-05-02,0.19575987799907998,0.235261759924469,0.568974699504906,IFK Malmo FK - Utsiktens BK,1-0
257884000027,2021-05-08,0.510389633389423,0.23799535931902902,0.251609994011233,Osterlen FF - Torns IF,1-3
257884500021,2021-05-08,0.612776151014259,0.22528841721941698,0.161936588556273,Utsiktens BK - Tvååkers IF,0-4
257884500024,2021-05-08,0.43705562359537,0.24842697937856398,0.314509958581766,Vänersborgs IF - IFK Malmo FK,0-0
257885000020,2021-05-08,0.38138663987046995,0.267117836483521,0.351497832074529,Lindome GIF - Oskarshamns AIK,1-1
257885250036,2021-05-08,0.535565277474234,0.26043696704436997,0.203995520278113,Ljungskile SK - Lunds BK,4-0
257885000021,2021-05-08,0.294564046402229,0.256328491814202,0.449099180608755,Åtvidabergs FF - Skövde AIK,0-2
257884000030,2021-05-09,,,,Qviding FIF - FC Linköping City,
257884000031,2021-05-09,0.614222477510339,0.234913243650226,0.150866286858218,FC Trollhättan - Assyriska IK,0-0
257885500027,2021-05-13,0.418447506643133,0.27659279081854,0.304959725792287,Torns IF - Qviding FIF,1-4
257884750023,2021-05-14,0.30739929023548,0.247079570341157,0.44551923990366,Lindome GIF - Utsiktens BK,2-2
257886750026,2021-05-15,0.398446555860573,0.275543644122081,0.326017105107894,Skövde AIK - FC Trollhättan,1-3
257886750027,2021-05-15,0.510389633389423,0.251609994011233,0.23799535931902902,Tvååkers IF - IFK Malmo FK,2-0
257884000038,2021-05-15,0.6208874805888629,0.214126484555891,0.16498712895554501,Oskarshamns AIK - Osterlen FF,4-1
257885500028,2021-05-15,,,,FC Linköping City - Ljungskile SK,
257885500029,2021-05-15,0.40687317991978494,0.255264200939564,0.337864453234943,Lunds BK - Vänersborgs IF,4-1
257884250038,2021-05-15,0.399339612660697,0.267839532898506,0.33282347678323304,Assyriska IK - Åtvidabergs FF,0-3
257884250044,2021-05-21,0.38162418160936795,0.279949859919725,0.33842611385625804,IFK Malmo FK - Lunds BK,2-1
257886250035,2021-05-22,0.534913223673357,0.24482608461403302,0.22025297183426998,Utsiktens BK - Skövde AIK,2-0
257887250027,2021-05-22,0.634201662469422,0.225295226933667,0.14049799923668602,Tvååkers IF - Assyriska IK,2-0
257884000046,2021-05-22,0.319128876406467,0.23439218968269396,0.44647647635429205,Osterlen FF - Qviding FIF,1-1
257886500029,2021-05-22,0.35792591303470594,0.24446652046754003,0.397612278437009,Åtvidabergs FF - Lindome GIF,2-1
257887000029,2021-05-22,0.215355411026394,0.23557130395783998,0.549080987024354,Vänersborgs IF - Oskarshamns AIK,0-2
257887250028,2021-05-22,,,,FC Trollhättan - FC Linköping City,
257887750023,2021-05-22,0.575523265841184,0.20965653916937302,0.21481555301579602,Ljungskile SK - Torns IF,2-0
257885750041,2021-05-29,0.31427558892755797,0.23816256804275301,0.44756175411748705,Lunds BK - Tvååkers IF,0-0
257885000038,2021-05-29,0.29371900219121,0.23512302697054102,0.471166237519355,Torns IF - FC Trollhättan,1-4
257887250030,2021-05-29,0.510389633389423,0.251609994011233,0.23799535931902902,Lindome GIF - Osterlen FF,3-3
257885750043,2021-05-29,0.37390249097370504,0.252189994469518,0.37390249097370504,Assyriska IK - IFK Malmo FK,3-3
257886750036,2021-05-29,0.5746982905839101,0.225573045230703,0.19972825303557298,Oskarshamns AIK - Skövde AIK,5-0
257884000053,2021-05-30,0.6166886257997249,0.210470736579737,0.17283816545386801,Ljungskile SK - Vänersborgs IF,1-0
257885000036,2021-05-31,0.274967814359115,0.26667173622991,0.45835749947582394,Qviding FIF - Utsiktens BK,0-1
257884750032,2021-06-02,,,,FC Linköping City - Åtvidabergs FF,
257885250052,2021-06-03,0.567200180754298,0.237683808518341,0.195124034682522,Skövde AIK - Assyriska IK,1-0
257884000052,2021-06-40,0.3984228816407271,0.263238611834822,0.338335353153525,Vänersborgs IF - Lindome GIF,2-1
264325250060,2021-06-05,0.380339401512174,0.254817513603484,0.36483802911243396,Åtvidabergs FF - Qviding FIF,1-1
264325750050,2021-06-05,0.6574619044840799,0.19958559717633803,0.14295324895647302,Utsiktens BK - Torns IF,Other result
264323250052,2021-06-05,0.326017105107894,0.275543644122081,0.398446555860573,Tvååkers IF - Oskarshamns AIK,0-0
264326250041,2021-06-05,0.622795705479803,0.21480994965531897,0.162386814743513,FC Trollhättan - IFK Malmo FK,3-1
264325750051,2021-06-05,0.344197021477157,0.27499573133536603,0.380798638361739,Osterlen FF - Ljungskile SK,1-1
264323250051,2021-06-06,,,,Lunds BK - FC Linköping City,
264326500039,2021-06-11,0.25899781906628,0.24461557183531102,0.49638869662885493,Ljungskile SK - Utsiktens BK,0-0
264325750049,2021-06-12,,,,FC Linköping City - Tvååkers IF,
264326000049,2021-06-12,0.48336414460209204,0.241378082573647,0.27525833641993797,IFK Malmo FK - Osterlen FF,1-1
264323250049,2021-06-12,0.425288003258174,0.23752076693926896,0.33718820972717406,Assyriska IK - Lindome GIF,2-0
264326250040,2021-06-12,0.35091562123852804,0.251461315056076,0.397624542674748,Torns IF - Skövde AIK,3-2
264325250059,2021-06-12,0.45645041701261996,0.253272596496022,0.29027698649135697,Åtvidabergs FF - Vänersborgs IF,0-1
264322250043,2021-06-12,0.650884853355819,0.200488473958103,0.14863280477584304,Oskarshamns AIK - Lunds BK,4-1
264323750060,2021-06-13,0.33909681890509097,0.252550251578214,0.40834766571060704,Qviding FIF - FC Trollhättan,2-3
264323250057,2021-06-18,0.525702919898322,0.22597446045256198,0.24831941872253102,Qviding FIF - Vänersborgs IF,2-3
264324250073,2021-06-18,0.533693953795591,0.22540355447563298,0.24090132387937,Lunds BK - Torns IF,Other result
264325000046,2021-06-19,0.351345211354783,0.25916936402791196,0.38948563937446995,Lindome GIF - Ljungskile SK,1-2
264324750064,2021-06-19,,,,Assyriska IK - FC Linköping City,
264326750061,2021-06-19,0.241712857998209,0.232145153015154,0.526134464045754,Osterlen FF - FC Trollhättan,1-2
264321500057,2021-06-19,0.699380674894201,0.178726408659713,0.121896315336926,Utsiktens BK - Åtvidabergs FF,2-1
264322750050,2021-06-19,0.540100556361722,0.23447910646791603,0.22542146561318102,Tvååkers IF - Skövde AIK,0-2
264324000054,2021-06-20,0.226770722278161,0.24572741889278402,0.527495398098836,IFK Malmo FK - Oskarshamns AIK,2-0
264326750060,2021-06-23,0.44783879446913505,0.263206869742135,0.288949549983954,Ljungskile SK - Tvååkers IF,2-3
264322750049,2021-06-23,0.47542888755560897,0.228148813912412,0.296421345527051,Torns IF - Assyriska IK,2-2
264325250074,2021-06-24,0.205203811550746,0.25236603742814606,0.54242668513325,Vänersborgs IF - Utsiktens BK,1-3
264324500062,2021-06-24,0.45863510484923603,0.238004584884038,0.30336304163211,Skövde AIK - Lunds BK,1-0
264326500046,2021-06-24,0.337864453234943,0.255264200939564,0.40687317991978494,Lindome GIF - Qviding FIF,1-1
264323750077,2021-06-27,,,,FC Linköping City - IFK Malmo FK,
264323000057,2021-06-27,0.42646517910179704,0.259217736282153,0.314318216143875,Åtvidabergs FF - Osterlen FF,1-2
264323000056,2021-06-27,0.432958669059306,0.25576268947685604,0.311278641463838,FC Trollhättan - Oskarshamns AIK,1-1
264324000051,2021-07-03,0.4379106739943379,0.267748209094862,0.29434441702324,Qviding FIF - Ljungskile SK,1-3
264324250070,2021-07-03,0.43655185555690007,0.23177544111968,0.331667698657839,Torns IF - Lindome GIF,0-2
264326000059,2021-07-03,0.39902673938195204,0.24881128632114302,0.35215854251873707,Assyriska IK - Lunds BK,Other result
264325750058,2021-07-03,0.42768463233369397,0.26782734613516396,0.30448224439169297,IFK Malmo FK - Skövde AIK,2-2
273445000005,2021-07-03,,,,Oskarshamns AIK - FC Linköping City,
264323750074,2021-07-03,0.577488353272201,0.23270040922216104,0.18980760939302802,Tvååkers IF - Åtvidabergs FF,2-2
264321500056,2021-07-03,0.459612748440122,0.255821153550642,0.28457543891272497,Vänersborgs IF - Osterlen FF,2-3
264323250055,2021-07-03,0.4861402184760661,0.260648994444637,0.253213271469576,Utsiktens BK - FC Trollhättan,1-0
274100750001,2021-07-07,0.58288800631999,0.225903191516409,0.19121366660692699,Tvååkers IF - Lindome GIF,1-0
264326250049,2021-07-08,0.638926046231063,0.18804016979993302,0.173042158508906,IFK Malmo FK - Torns IF,1-2
264321500054,2021-07-09,0.616206034523202,0.22090055895387198,0.162899413116975,FC Trollhättan - Vänersborgs IF,4-3
264324250067,2021-07-10,0.44756175411748705,0.23816256804275301,0.31427558892755797,Lunds BK - Qviding FIF,3-1
264325250073,2021-07-10,0.760575534106465,0.145444287307328,0.0939765441871714,Oskarshamns AIK - Assyriska IK,Other result
264325000042,2021-07-10,,,,Skövde AIK - FC Linköping City,
264323500066,2021-07-10,0.319154016586253,0.274660613358719,0.406177664379356,Åtvidabergs FF - Ljungskile SK,1-1
264326750057,2021-08-12,0.39902673938195204,0.24881128632114302,0.35215854251873707,Qviding FIF - Skövde AIK,1-1
264326500043,2021-08-13,0.238429150398588,0.226155694195768,0.535414647281868,Torns IF - Lunds BK,0-1
264324500059,2021-08-14,0.41664198870421404,0.231926712585846,0.351438227487961,Assyriska IK - Osterlen FF,3-0
264326500044,2021-08-14,,,,FC Linköping City - Lindome GIF,
264323000054,2021-08-14,0.43695741190458603,0.259317673364421,0.303720002848422,Vänersborgs IF - Åtvidabergs FF,1-2
264322000060,2021-08-14,0.3496136036992539,0.279365648370003,0.371014550008113,Ljungskile SK - Oskarshamns AIK,1-1
264325250072,2021-08-14,0.7762833827000579,0.144956028874731,0.0787606129597407,Utsiktens BK - IFK Malmo FK,1-2
264326250047,2021-08-15,0.43289803149652206,0.279136947567233,0.287965020936245,FC Trollhättan - Tvååkers IF,1-1
264324500057,2021-08-21,0.27929815909010397,0.237847887532553,0.48285004255012604,Lunds BK - Utsiktens BK,2-1
264326750056,2021-08-21,0.23923991326591898,0.23292555494117603,0.527841700037243,Lindome GIF - FC Trollhättan,0-1
264323000052,2021-08-21,0.606796020427323,0.21776640911494896,0.17543757045772798,Skövde AIK - Torns IF,2-1
264321750059,2021-08-21,0.6574619044840799,0.19958559717633803,0.14295324895647302,Oskarshamns AIK - Qviding FIF,1-0
264325250070,2021-08-21,,,,Tvååkers IF - FC Linköping City,
264325500048,2021-08-21,0.416787786089117,0.244930531451246,0.33827570182620503,Osterlen FF - Vänersborgs IF,1-2
264325750057,2021-08-21,0.338026552140946,0.28871860992512705,0.37325014217640295,IFK Malmo FK - Ljungskile SK,4-2
264325500047,2021-08-22,0.5571712238306651,0.21721379787777598,0.22562327646301103,Åtvidabergs FF - Assyriska IK,0-2
264326750055,2021-08-27,0.28457543891272497,0.255821153550642,0.459612748440122,Torns IF - IFK Malmo FK,3-0
264325250067,2021-08-27,0.541753748286283,0.23211520633776697,0.22613645225646897,Qviding FIF - Lindome GIF,2-1
264324750058,2021-08-28,0.38138663987046995,0.267117836483521,0.351497832074529,Vänersborgs IF - Skövde AIK,0-1
264324500056,2021-08-28,,,,FC Linköping City - Lunds BK,
264324750059,2021-08-28,0.315197368046964,0.239790753119412,0.445011878833624,Assyriska IK - Tvååkers IF,1-0
264325750056,2021-08-28,0.540991424495587,0.259072467597434,0.19993579623405802,Ljungskile SK - Åtvidabergs FF,2-1
264322250050,2021-08-28,0.469800224091159,0.25119065496255605,0.279006539407419,Utsiktens BK - Oskarshamns AIK,1-2
264322250049,2021-08-29,0.664567030238686,0.19428905178210698,0.141151859686943,FC Trollhättan - Osterlen FF,3-1
264321750058,2021-09-04,0.304959725792287,0.27659279081854,0.418447506643133,Tvååkers IF - Utsiktens BK,2-0
264322000059,2021-09-04,0.4825464557798111,0.26252805857802697,0.25493324510171106,Lindome GIF - Torns IF,2-0
264324250066,2021-09-04,0.436303803551709,0.255175621568924,0.30852076920564303,Skövde AIK - Ljungskile SK,1-1
264321750057,2021-09-04,0.592880490265088,0.21427207745728102,0.19285663487971802,Qviding FIF - Assyriska IK,4-2
264326750052,2021-09-04,0.45791040090262,0.258592712663813,0.283501680154586,Åtvidabergs FF - IFK Malmo FK,4-0
264322750048,2021-09-04,0.35284895575023295,0.272264710889431,0.374889043247094,Lunds BK - FC Trollhättan,2-1
264323000050,2021-09-04,,,,Osterlen FF - FC Linköping City,
264324750057,2021-09-05,0.7121711201325519,0.17884131721802998,0.908981817582389,Oskarshamns AIK - Vänersborgs IF,4-1
264324750056,2021-09-11,0.35289705768809604,0.264204830251401,0.38290028533083403,IFK Malmo FK - Tvååkers IF,0-3
264325000037,2021-09-11,0.380798638361739,0.27499573133536603,0.344197021477157,Torns IF - Osterlen FF,1-2
264325500046,2021-09-11,0.59336919352063,0.21985474906978197,0.186769031890435,Utsiktens BK - Qviding FIF,1-0
264324500052,2021-09-11,0.302678653708426,0.251046835241141,0.44627704619779296,Vänersborgs IF - Lunds BK,5-1
264324500054,2021-09-11,0.365919796837261,0.275485210615443,0.35860448973835496,Skövde AIK - Oskarshamns AIK,2-0
264326750051,2021-09-11,,,,FC Linköping City - Assyriska IK,
264324500053,2021-09-12,0.366361579071963,0.25965579712646997,0.373984502773965,Lindome GIF - Åtvidabergs FF,2-1
264324000049,2021-09-13,0.326557534543099,0.299207579955692,0.374228923203191,Ljungskile SK - FC Trollhättan,2-2
264322500068,2021-09-18,0.48259737910120704,0.258703998610144,0.258703998610144,Qviding FIF - Åtvidabergs FF,0-2
283281250026,2021-09-18,0.27616895126993796,0.23890280394698496,0.48492972549865904,Lindome GIF - Tvååkers IF,3-1
264326000056,2021-09-18,0.500080866069766,0.249958035507007,0.249958035507007,Assyriska IK - Torns IF,1-3
264324250065,2021-09-18,0.7896740889118521,0.14361259338329502,0.0667123344319407,Oskarshamns AIK - IFK Malmo FK,1-0
264326000054,2021-09-18,0.43437734506107,0.28927927338217196,0.27634338155675797,Lunds BK - Ljungskile SK,0-2
264322500067,2021-09-18,0.292685134714702,0.22523544126306697,0.482085373398149,Osterlen FF - Skövde AIK,0-1
264326000055,2021-09-18,,,,Vänersborgs IF - FC Linköping City,
264325750052,2021-09-20,0.412866441911319,0.27925690918345897,0.307883870293154,FC Trollhättan - Utsiktens BK,1-2
264322500065,2021-09-25,0.755519797938177,0.160239741700934,0.0842420063272584,Utsiktens BK - Lindome GIF,1-0
264321500050,2021-09-25,0.4168348627572411,0.238326810562285,0.344832333823433,Torns IF - Vänersborgs IF,1-1
264323750066,2021-09-25,,,,FC Linköping City - Qviding FIF,
264324000048,2021-09-25,0.20917004017974303,0.23762001100112698,0.553210820507957,Osterlen FF - Oskarshamns AIK,4-1
264326250043,2021-09-25,0.45916616616887,0.251918125577504,0.28891838333220193,Åtvidabergs FF - Lunds BK,2-1
264326250044,2021-09-25,0.458609322464326,0.24806148125207997,0.29333066628896604,Skövde AIK - Tvååkers IF,1-1
264326500042,2021-09-25,0.27929815909010397,0.237847887532553,0.48285004255012604,IFK Malmo FK - FC Trollhättan,0-1
264323750067,2021-09-26,0.612776151014259,0.22528841721941698,0.161936588556273,Ljungskile SK - Assyriska IK,1-1
264321750056,2021-10-02,0.633929176459787,0.21153340840828602,0.154527429054724,Oskarshamns AIK - Åtvidabergs FF,0-1
264324250064,2021-10-02,0.44627704619779296,0.251046835241141,0.302678653708426,Vänersborgs IF - Assyriska IK,2-1
264324500051,2021-10-02,0.41900864682975203,0.25330242633936,0.32769258736516305,Lindome GIF - IFK Malmo FK,1-2
264323000047,2021-10-02,0.37255026170169003,0.254901526990579,0.37255026170169003,Lunds BK - Skövde AIK,Other result
264324750054,2021-10-02,0.535414647281868,0.238429150398588,0.226155694195768,Ljungskile SK - Osterlen FF,1-2
264323000048,2021-10-02,,,,Utsiktens BK - FC Linköping City,
264325000036,2021-10-03,0.3883820677583571,0.274514938035281,0.337104582082247,Qviding FIF - Tvååkers IF,0-5
264322000058,2021-10-03,0.770562649558997,0.145689883589512,0.0837408454099204,FC Trollhättan - Torns IF,1-2
257409500002,2021-10-09,0.6716318381077141,0.210588703717804,0.11778325165505499,Skövde AIK - Lindome GIF,1-0
257410250005,2021-10-09,0.58427687882795,0.237167132698232,0.178558472747682,Tvååkers IF - Vänersborgs IF,0-2
257408000002,2021-10-09,0.37227134036947995,0.270337588823168,0.357390515418956,IFK Malmo FK - Qviding FIF,0-0
257409750004,2021-10-09,0.40687317991978494,0.255264200939564,0.337864453234943,Osterlen FF - Lunds BK,1-2
257409250001,2021-10-09,0.28523964478517894,0.27638175393804,0.438386149384314,Torns IF - Ljungskile SK,1-1
257411250002,2021-10-09,0.280780114611844,0.280780114611844,0.4384443448216189,Åtvidabergs FF - Utsiktens BK,1-0
264325250066,2021-10-09,,,,FC Linköping City - Oskarshamns AIK,
257408750004,2021-10-10,0.239578172477195,0.21609439616440804,0.5443301439227071,Assyriska IK - FC Trollhättan,3-1
256620250014,2021-10-15,0.380614780614462,0.268351366127348,0.35103385325819003,Ljungskile SK - Qviding FIF,2-0
256623750012,2021-10-16,0.35251478574355105,0.280591185408412,0.36690101408748904,Lindome GIF - Vänersborgs IF,1-2
264324250061,2021-10-16,0.21995378882275,0.255124893708853,0.524923263496021,Torns IF - Tvååkers IF,1-3
264322250047,2021-10-16,0.496142630610848,0.241136287309928,0.26272013547713896,IFK Malmo FK - Assyriska IK,0-2
264322000056,2021-10-16,0.2936473815643689,0.251878834882518,0.45447840981069,Lunds BK - Oskarshamns AIK,1-0
264323000045,2021-10-16,0.682043739216169,0.186408615583787,0.131540546630276,Utsiktens BK - Osterlen FF,Other result
264324000046,2021-10-16,,,,Åtvidabergs FF - FC Linköping City,
256620750012,2021-10-18,0.469800224091159,0.279006539407419,0.25119065496255605,FC Trollhättan - Skövde AIK,2-0
264321500049,2021-10-23,0.558187244198052,0.23202404359471998,0.20978659109095998,Tvååkers IF - Lunds BK,0-1
264323000044,2021-10-23,0.374228923203191,0.299207579955692,0.326557534543099,Vänersborgs IF - Ljungskile SK,0-1
264323500062,2021-10-23,0.524575423536589,0.237712403206388,0.237712403206388,Qviding FIF - Torns IF,3-1
257407250023,2021-10-23,0.36773416653159097,0.264521734818118,0.36773416653159097,Osterlen FF - Åtvidabergs FF,Other result
257404000017,2021-10-23,0.215843459794996,0.21322186695761103,0.5709381177730389,Assyriska IK - Utsiktens BK,0-2
257405750029,2021-10-23,0.6832822817668779,0.19087395371752802,0.125836937542772,Oskarshamns AIK - Lindome GIF,6-1
264323500064,2021-10-24,0.6571202033956071,0.20907933273701898,0.133794781373581,Skövde AIK - IFK Malmo FK,3-0
264323500063,2021-10-24,,,,FC Linköping City - FC Trollhättan,
264322250045,2021-10-30,0.352674763096729,0.29464482163894,0.352674763096729,Skövde AIK - Utsiktens BK,3-3
264323750063,2021-10-30,0.524402573151747,0.24424647164414603,0.93135864365031,Qviding FIF - Lunds BK,2-1
264323750064,2021-10-30,0.458609322464326,0.24806148125207997,0.29333066628896604,Lindome GIF - Assyriska IK,Other result
264325500040,2021-10-30,0.561797903181287,0.236701029381948,0.20150257283239603,Tvååkers IF - Osterlen FF,4-1
264323000043,2021-10-30,0.20457392939715602,0.23798613445251202,0.557439815922407,Torns IF - Oskarshamns AIK,3-1
264325250061,2021-10-30,,,,Ljungskile SK - FC Linköping City,
264325250062,2021-10-30,0.45791040090262,0.258592712663813,0.283501680154586,IFK Malmo FK - Vänersborgs IF,1-1
256620500004,2021-10-31,0.6282218732933679,0.21723030204701302,0.15454782465962,FC Trollhättan - Åtvidabergs FF,3-1
256620750002,2021-11-05,0.3980644383409529,0.298420448467368,0.30351277053705394,Lunds BK - IFK Malmo FK,1-1
256621750002,2021-11-06,0.18715436224010798,0.22598671910236603,0.586860064620851,Assyriska IK - Skövde AIK,0-1
256622500002,2021-11-06,0.351497832074529,0.267117836483521,0.38138663987046995,Vänersborgs IF - Qviding FIF,1-1
256623000002,2021-11-06,0.595683918189025,0.22074587686802302,0.18356453205342396,Utsiktens BK - Ljungskile SK,4-2
256623250002,2021-11-06,0.47182329397765005,0.252300344436662,0.275879267166601,Osterlen FF - Lindome GIF,1-2
256620250002,2021-11-06,0.40717373587540395,0.267038447462255,0.325784835935338,Oskarshamns AIK - FC Trollhättan,0-0
256620500001,2021-11-06,0.337864453234943,0.255264200939564,0.40687317991978494,Åtvidabergs FF - Tvååkers IF,2-2
256622000002,2021-11-07,,,,FC Linköping City - Torns IF,
256620250004,2021-11-12,0.170909219559237,0.1961301651568,0.632960615283963,Vänersborgs IF - FC Trollhättan,2-2
256623000004,2021-11-12,0.604683767684037,0.225316596130142,0.170000815560343,Tvååkers IF - Ljungskile SK,4-1
256620000004,2021-11-13,0.20965653916937302,0.21481555301579602,0.575523265841184,Assyriska IK - Oskarshamns AIK,2-1
256620000005,2021-11-13,0.567732189985691,0.23473147078766501,0.19753725235932504,Skövde AIK - Åtvidabergs FF,1-1
256622250003,2021-11-13,0.511721825314453,0.255937539419392,0.23233617984806199,Qviding FIF - Osterlen FF,2-0
256623000005,2021-11-13,0.16242465263348999,0.22307542918133502,0.614509679406183,Torns IF - Utsiktens BK,0-1
256623750001,2021-11-13,0.557439815922407,0.23798613445251202,0.20457392939715602,Lindome GIF - Lunds BK,3-0
256622000004,2021-11-14,,,,IFK Malmo FK - FC Linköping City,
257408500004,2021-11-20,0.48377662504208296,0.244951375381788,0.27128182220622,Åtvidabergs FF - Torns IF,0-1
257409250009,2021-11-20,,,,FC Linköping City - Skövde AIK,
257409500004,2021-11-20,0.6057999646582181,0.19709936183062401,0.19709936183062401,FC Trollhättan - Qviding FIF,1-1
257411500004,2021-11-20,0.26199929616996104,0.216042142390506,0.52196351395105,Lunds BK - Assyriska IK,4-1
257408750009,2021-11-20,0.52117776373052,0.23612447080086,0.24269844309310398,Oskarshamns AIK - Tvååkers IF,2-0
304015500004,2022-04-02,0.5541091061022599,0.241285055031767,0.20460078187170397,Tvååkers IF - Lunds BK,4-0
304020000003,2022-04-02,0.372553251072532,0.28356085027917305,0.34389445921988204,Lindome GIF - Ljungskile SK,3-4
304021750004,2022-04-02,0.53394765345729,0.23457624562433899,0.231478360277833,Qviding FIF - BK Olympic,1-2
304016250004,2022-04-02,0.25899781906628,0.24461557183531102,0.49638869662885493,Ängelholms FF - FC Trollhättan,1-1
304019000005,2022-04-02,0.743612253776519,0.161117502168054,0.0952668311947491,Falkenbergs FF - Torns IF,1-0
304019750005,2022-40-02,0.22542146561318102,0.23447910646791603,0.540100556361722,Vänersborgs IF - Oskarshamns AIK,0-3
304020000002,2022-04-02,0.43705562359537,0.24842697937856398,0.314509958581766,IFK Malmo FK - Åtvidabergs FF,1-1
304015750001,2022-04-04,0.605293895670911,0.211871191248065,0.18283640788285996,GAIS - IK Oddevold,2-1
304015250002,2022-04-08,0.495799655996962,0.23770136755774698,0.266499423742061,Lunds BK - IFK Malmo FK,2-1
304014500003,2022-04-09,0.380339401512174,0.254817513603484,0.36483802911243396,Torns IF - Qviding FIF,1-1
304017250002,2022-04-09,0.238483486667974,0.235294828686165,0.526224496745272,BK Olympic - Tvååkers IF,1-1
304016000005,2022-04-09,0.6571388775191739,0.19499564924626603,0.14787257401621898,Oskarshamns AIK - Lindome GIF,3-2
304019250004,2022-04-09,0.41649496971513206,0.251751290954417,0.331761022011051,Åtvidabergs FF - Ängelholms FF,0-1
304018750003,2022-04-10,0.337113428831799,0.24751710987766298,0.415366320026806,IK Oddevold - Falkenbergs FF,2-0
304016250003,2022-04-10,0.5696072032151279,0.23872478978592002,0.9191669985390035,Ljungskile SK - Vänersborgs IF,2-2
304018250002,2022-04-11,0.33148392624571005,0.27939014523872197,0.389127399917925,FC Trollhättan - GAIS,0-1
304016750002,2022-04-14,0.47230388483149,0.263852326577762,0.263852326577762,Ängelholms FF - Qviding FIF,2-1
304019750004,2022-04-15,0.41744524144451095,0.267595534125576,0.314955729962094,BK Olympic - Lindome GIF,3-2
304019750003,2022-04-15,0.275879267166601,0.252300344436662,0.47182329397765005,Torns IF - Ljungskile SK,Other result
304015250001,2022-04-15,0.42566794870072,0.254979306802852,0.31935309342225104,Åtvidabergs FF - Lunds BK,2-2
304016000003,2022-04-16,0.487645534129115,0.274718445871258,0.23763877010787804,GAIS - Tvååkers IF,1-0
304019500003,2022-04-16,0.24526705706375698,0.2487235100416,0.5060017264040649,Vänersborgs IF - Falkenbergs FF,3-1
304020500003,2022-04-16,0.338026552140946,0.28871860992512705,0.37325014217640295,IFK Malmo FK - IK Oddevold,0-5
304019250002,2022-04-17,0.380798638361739,0.27499573133536603,0.344197021477157,FC Trollhättan - Oskarshamns AIK,0-0
304014750003,2022-04-22,0.5253561818681189,0.251695739367278,0.22294558500289,Tvååkers IF - Ängelholms FF,3-1
304019250003,2022-04-22,0.35743888971046595,0.26233173176297003,0.38022833809372997,IFK Malmo FK - BK Olympic,2-3
304019750002,2022-04-23,0.24458933100686397,0.214632587943925,0.540781549789244,Lindome GIF - IK Oddevold,2-4
304016500002,2022-04-23,0.495608102326514,0.22537277164519798,0.279016610962572,Vänersborgs IF - Torns IF,1-0
304019500002,2022-04-24,0.37355866332654797,0.244954491761746,0.381490625470178,Falkenbergs FF - Ljungskile SK,2-1
304016250002,2022-04-24,0.684704520943342,0.18918625536025502,0.12610731497989,GAIS - Åtvidabergs FF,1-0
304020500001,2022-04-29,0.5856839782500171,0.225517264480004,0.188800555974012,IK Oddevold - Qviding FIF,5-0
304014500001,2022-04-30,0.394076617056271,0.270197178033413,0.33572529759840103,Torns IF - Lindome GIF,Other result
304014750001,2022-04-30,0.5241815669287461,0.24758104092325103,0.22824042683350898,BK Olympic - Vänersborgs IF,1-1
304020000001,2022-04-30,0.17943006611312698,0.251935806096299,0.568637164222309,Ängelholms FF - GAIS,3-1
304021750003,2022-04-30,0.270784019638086,0.258875078492565,0.47034087518113704,Åtvidabergs FF - Tvååkers IF,1-2
304019000002,2022-04-30,0.612257918721298,0.19929736803169396,0.188438687677262,Ljungskile SK - IFK Malmo FK,3-0
304018250009,2022-05-02,0.357390515418956,0.270337588823168,0.37227134036947995,FC Trollhättan - Falkenbergs FF,1-0
304020250008,2022-05-06,0.325623600772815,0.248139321891358,0.42623840618762204,IFK Malmo FK - Ängelholms FF,1-2
304017500007,2022-05-06,0.226155694195768,0.238429150398588,0.535414647281868,Vänersborgs IF - IK Oddevold,1-2
304017750009,2022-05-07,0.238429150398588,0.226155694195768,0.535414647281868,Lindome GIF - Falkenbergs FF,1-0
304014500011,2022-05-07,0.736875869653886,0.167675893608248,0.0954454954771791,GAIS - Torns IF,5-1
304020250007,2022-05-07,0.29881632144679304,0.241715414245846,0.45945910885348,Åtvidabergs FF - Ljungskile SK,0-1
304021250011,2022-05-09,0.541145991854137,0.24140144654666099,0.21745497253141396,FC Trollhättan - Qviding FIF,2-1
304016500011,2022-05-13,0.5253561818681189,0.22294558500289,0.251695739367278,BK Olympic - Torns IF,2-2
304017250012,2022-05-14,0.49628943894640504,0.275066990492633,0.228638465545373,Tvååkers IF - FC Trollhättan,0-1
304021250010,2022-05-14,0.447850155556807,0.232028941303724,0.320123109879205,IFK Malmo FK - Lindome GIF,0-1
304017750011,2022-05-14,0.53394765345729,0.231478360277833,0.23457624562433899,Falkenbergs FF - Oskarshamns AIK,1-0
304018750009,2022-05-14,0.668635050446028,0.183106029318878,0.14825914267567,GAIS - Lunds BK,1-1
304019500012,2022-05-14,0.458186955278507,0.262603445182322,0.27920077313319797,Ängelholms FF - Vänersborgs IF,0-0
304021500007,2022-05-14,0.41664198870421404,0.27972475005663,0.30362754999077896,Qviding FIF - Åtvidabergs FF,0-1
304019500010,2022-05-16,0.435526448913151,0.25107445291359903,0.313396624609595,IK Oddevold - Ljungskile SK,0-0
304019000007,2022-05-20,0.29881632144679304,0.241715414245846,0.45945910885348,Torns IF - Ängelholms FF,3-1
304021250007,2022-05-20,0.13454377281596,0.21470645299996202,0.65075907643768,Lindome GIF - GAIS,1-3
304017250010,2022-05-21,0.284196589171188,0.24483483171206896,0.470969483343652,Qviding FIF - Falkenbergs FF,0-4
304019500011,2022-05-21,0.397303310997471,0.262478098588119,0.34021859041441,IK Oddevold - Tvååkers IF,2-1
304014500008,2022-05-21,0.613573240261758,0.214516982174246,0.17191866986104298,Ljungskile SK - Lunds BK,2-1
304018000007,2022-05-21,0.5117591200105379,0.22067654886632201,0.267560728796525,Oskarshamns AIK - BK Olympic,0-3
304019750010,2022-05-21,0.573837152478518,0.251032824307913,0.175131219410105,Vänersborgs IF - IFK Malmo FK,1-2
304016750006,2022-05-21,0.586860064620851,0.22598671910236603,0.18715436224010798,FC Trollhättan - Åtvidabergs FF,3-1
304020000009,2022-05-25,0.5139340135792739,0.239699255063897,0.24636727615143203,Lunds BK - Torns IF,1-0
304019250012,2022-05-25,0.338335353153525,0.263238611834822,0.3984228816407271,IFK Malmo FK - Qviding FIF,1-2
304015500009,2022-05-25,0.438386149384314,0.28523964478517894,0.27638175393804,Tvååkers IF - Ljungskile SK,0-0
304018250008,2022-05-25,0.284514835424488,0.267362042766763,0.448132169171004,Vänersborgs IF - FC Trollhättan,1-0
304016500009,2022-05-26,0.533693953795591,0.22540355447563298,0.24090132387937,Ängelholms FF - Lindome GIF,4-0
304017500006,2022-05-26,0.20457540274946998,0.24805888658738698,0.547359352844069,Åtvidabergs FF - IK Oddevold,0-1
304014750009,2022-05-26,0.647477875085315,0.19938999399892002,0.153135829750681,GAIS - Oskarshamns AIK,3-0
304018000006,2022-05-26,0.582982323685428,0.244829934643349,0.17218469639192302,Falkenbergs FF - BK Olympic,1-1
304019750009,2022-05-29,0.33718820972717406,0.23752076693926896,0.425288003258174,Lindome GIF - Vänersborgs IF,3-2
304020250006,2022-05-29,0.21456585006672,0.23161256991443202,0.553825611859793,Qviding FIF - Tvååkers IF,2-3
304021000010,2022-05-29,0.409548259311123,0.268622930714628,0.321826943923952,Torns IF - Åtvidabergs FF,1-1
304018500010,2022-05-29,0.418947401019977,0.295251008210471,0.285803538252367,Ljungskile SK - FC Trollhättan,1-1
304020000008,2022-05-29,0.634977709763916,0.199739432573551,0.16528650143300197,Oskarshamns AIK - IFK Malmo FK,2-1
304016250011,2022-05-29,0.6679760300612541,0.18891873271786605,0.14310622276389,IK Oddevold - Lunds BK,1-1
304020000007,2022-05-29,0.310919939858588,0.248225880337922,0.44085417980348995,Falkenbergs FF - GAIS,0-0
304020500011,2022-05-30,0.41748789561097494,0.256016753934091,0.326492081716424,BK Olympic - Ängelholms FF,
304018500008,2022-06-04,0.644014950637938,0.199753508117283,0.156233222776791,Tvååkers IF - Torns IF,0-1
304020500012,2022-06-04,0.558638356771553,0.215131009375909,0.22623857160215302,Lunds BK - Lindome GIF,4-0
321126250001,2022-06-04,0.35091562123852804,0.251461315056076,0.397624542674748,Oskarshamns AIK - Ljungskile SK,0-2
304018500009,2022-06-04,0.21995378882275,0.255124893708853,0.524923263496021,Åtvidabergs FF - Falkenbergs FF,0-4
304021500005,2022-06-04,0.388982106012238,0.26035357114792607,0.350664322839835,Qviding FIF - Vänersborgs IF,1-6
304018750005,2022-06-05,0.31076081757783003,0.249810169654665,0.439431117178174,Ängelholms FF - IK Oddevold,1-0
304017250008,2022-06-05,0.7117567194800359,0.171576509455917,0.116672536736587,FC Trollhättan - IFK Malmo FK,2-0
304014500007,2022-06-06,0.6143072833947371,0.220192212465918,0.165501227864297,GAIS - BK Olympic,2-2
304016000009,2022-06-09,0.509831510047661,0.231449817627436,0.258709958783584,Lindome GIF - Qviding FIF,0-1
304017750007,2022-06-11,0.600868230772903,0.19956404695403798,0.19956404695403798,BK Olympic - Åtvidabergs FF,2-2
304021000009,2022-06-11,0.49332054934347996,0.25880426869844103,0.24787750138784803,Ljungskile SK - Ängelholms FF,4-0
304019250009,2022-06-11,0.101331331447,0.155149817786878,0.7435109824000391,IFK Malmo FK - GAIS,1-2
304015250004,2022-06-11,0.397374608641258,0.258682330808369,0.34394181994139195,Vänersborgs IF - Lunds BK,2-1
304017500005,2022-06-11,0.458186955278507,0.27920077313319797,0.262603445182322,Falkenbergs FF - Tvååkers IF,1-1
304021250005,2022-06-11,0.33491161614074394,0.254171991109615,0.410916672815802,Torns IF - Oskarshamns AIK,2-0
304018250007,2022-06-13,0.438909174903529,0.282773483049823,0.27831339012482204,IK Oddevold - FC Trollhättan,0-1
304016500006,2022-06-17,0.22456997047993302,0.227502217196161,0.547930363478372,Qviding FIF - Ljungskile SK,1-2
304015250003,2022-06-18,0.7179431491822471,0.175385586364428,0.106669604632771,Tvååkers IF - IFK Malmo FK,2-0
304017250006,2022-06-18,0.28000315386452695,0.24854238660191197,0.4714468113088521,Lunds BK - Falkenbergs FF,1-3
304017500004,2022-06-18,0.5075962945993521,0.21882024887600002,0.273589051590534,Åtvidabergs FF - Lindome GIF,1-1
304017000003,2022-06-18,0.613860157754971,0.20697606823523498,0.179159590712516,GAIS - Vänersborgs IF,2-0
304020500008,2022-06-18,0.489920477312853,0.25860122803215896,0.251478294654988,Ängelholms FF - Oskarshamns AIK,1-0
304019250007,2022-06-18,0.493509517080383,0.258556512620999,0.24793842519284195,FC Trollhättan - BK Olympic,1-3
304015750002,2022-06-18,0.721794211742235,0.19123073338414498,0.0869658184528817,IK Oddevold - Torns IF,2-0
304020750004,2022-06-22,0.575523265841184,0.21481555301579602,0.20965653916937302,Torns IF - IFK Malmo FK,3-0
304017500003,2022-06-22,0.302678653708426,0.251046835241141,0.44627704619779296,Vänersborgs IF - Tvååkers IF,0-3
304016750003,2022-06-22,0.512851283623604,0.226869865000481,0.26028411628794895,Lunds BK - Qviding FIF,0-3
304020500007,2022-06-23,0.593442807352403,0.199715143913636,0.206843836203916,Oskarshamns AIK - Åtvidabergs FF,4-3
304018250005,2022-06-23,0.27886935943388397,0.27886935943388397,0.44226309438818107,Ljungskile SK - GAIS,0-2
304019500007,2022-06-23,0.351497832074529,0.267117836483521,0.38138663987046995,BK Olympic - IK Oddevold,3-1
304019750007,2022-06-23,0.20499117879080606,0.259512233111309,0.535497563396348,Lindome GIF - FC Trollhättan,0-1
304014750007,2022-06-27,0.636931712011574,0.20038054508040695,0.162682644469896,Falkenbergs FF - Ängelholms FF,Other result
304016000007,2022-07-29,0.7762833827000579,0.144956028874731,0.0787606129597407,Tvååkers IF - Lindome GIF,4-3
304018000005,2022-07-30,0.3984228816407271,0.263238611834822,0.338335353153525,Åtvidabergs FF - Vänersborgs IF,2-1
304021500003,2022-07-30,0.614471370732645,0.202378826012136,0.18315119118779,IK Oddevold - Oskarshamns AIK,1-0
327781500023,2022-07-30,0.859397456020815,0.10030730805010499,0.0402935183083173,Falkenbergs FF - IFK Malmo FK,3-0
304021000008,2022-07-31,0.303724672558019,0.288923042273382,0.407351296948036,Torns IF - FC Trollhättan,0-1
304017750006,2022-07-31,0.447042723622872,0.24450051816529603,0.308465999929467,Ljungskile SK - BK Olympic,1-0
304021500004,2022-07-31,0.7405705106502859,0.151709496189142,0.107720605767099,GAIS - Qviding FIF,4-0
304021750007,2022-08-01,0.38162418160936795,0.279949859919725,0.33842611385625804,Ängelholms FF - Lunds BK,3-1
304021250004,2022-08-05,,,,BK Olympic - GAIS,
304017750004,2022-08-05,,,,Vänersborgs IF - Ljungskile SK,
304015000006,2022-08-06,,,,Lindome GIF - Ängelholms FF,
304017250003,2022-08-06,,,,Qviding FIF - Torns IF,
304016000006,2022-08-06,,,,Oskarshamns AIK - IK Oddevold,
304018250004,2022-08-06,,,,IFK Malmo FK - Falkenbergs FF,
304020750001,2022-08-06,,,,FC Trollhättan - Tvååkers IF,
304021750005,2022-08-06,,,,Lunds BK - Åtvidabergs FF,
304018250003,2022-08-09,,,,Åtvidabergs FF - Oskarshamns AIK,
304019500006,2022-08-09,,,,Ljungskile SK - Lindome GIF,
304020000005,2022-08-09,,,,Ängelholms FF - Falkenbergs FF,
304019000006,2022-08-10,,,,Tvååkers IF - Qviding FIF,
304015000002,2022-08-10,,,,Torns IF - BK Olympic,
304014750005,2022-08-10,,,,IK Oddevold - GAIS,
304021000004,2022-08-10,,,,FC Trollhättan - Vänersborgs IF,
304019500005,2022-08-10,,,,IFK Malmo FK - Lunds BK,
304016250005,2022-08-13,,,,Lunds BK - Tvååkers IF,
304021000005,2022-08-13,,,,Oskarshamns AIK - Torns IF,
304020000004,2022-08-13,,,,Vänersborgs IF - Ängelholms FF,
304021500001,2022-08-13,,,,Lindome GIF - Åtvidabergs FF,
304017750003,2022-08-14,,,,Falkenbergs FF - IK Oddevold,
304015500014,2022-08-14,,,,GAIS - Ljungskile SK,
304019000018,2022-08-15,,,,BK Olympic - IFK Malmo FK,
304021000020,2022-08-15,,,,Qviding FIF - FC Trollhättan,
304020500025,2022-08-19,,,,Tvååkers IF - Vänersborgs IF,
304015250012,2022-08-19,,,,IK Oddevold - Lindome GIF,
304020750013,2022-08-20,,,,Ljungskile SK - Qviding FIF,
304019000017,2022-08-20,,,,Oskarshamns AIK - Falkenbergs FF,
304021000018,2022-08-20,,,,Torns IF - GAIS,
304020500026,2022-08-21,,,,Åtvidabergs FF - BK Olympic,
304021000019,2022-08-21,,,,FC Trollhättan - Lunds BK,
304015000022,2022-08-22,,,,Ängelholms FF - IFK Malmo FK,
304015250010,2022-08-27,,,,GAIS - FC Trollhättan,
304017250024,2022-08-27,,,,Lindome GIF - Torns IF,
304020750011,2022-08-27,,,,Qviding FIF - Ängelholms FF,
304015250011,2022-08-27,,,,IFK Malmo FK - Tvååkers IF,
304015500013,2022-08-27,,,,Falkenbergs FF - Åtvidabergs FF,
304017500013,2022-08-27,,,,Lunds BK - Vänersborgs IF,
304020750012,2022-08-27,,,,Ljungskile SK - IK Oddevold,
304021500014,2022-08-27,,,,BK Olympic - Oskarshamns AIK,
304018500021,2022-09-03,,,,Oskarshamns AIK - GAIS,
304018500020,2022-09-03,,,,Åtvidabergs FF - Qviding FIF,
304016750012,2022-09-03,,,,Lunds BK - Ljungskile SK,
304018500022,2022-09-03,,,,IK Oddevold - IFK Malmo FK,
304018250015,2022-09-04,,,,Tvååkers IF - Falkenbergs FF,
304015000021,2022-09-04,,,,FC Trollhättan - Torns IF,
304017000010,2022-09-05,,,,Ängelholms FF - BK Olympic,
304017500011,2022-09-05,,,,Vänersborgs IF - Lindome GIF,
304020500020,2022-09-09,,,,Torns IF - Lunds BK,
304019250016,2022-09-09,,,,Qviding FIF - IK Oddevold,
304018750017,2022-09-10,,,,BK Olympic - Falkenbergs FF,
304015750008,2022-09-10,,,,Ljungskile SK - Tvååkers IF,
304015750009,2022-09-10,,,,Lindome GIF - Oskarshamns AIK,
304017000011,2022-09-10,,,,IFK Malmo FK - FC Trollhättan,
304019500017,2022-09-10,,,,Vänersborgs IF - Åtvidabergs FF,
304020750010,2022-09-12,,,,GAIS - Ängelholms FF,
304017000009,2022-09-17,,,,Ängelholms FF - Torns IF,
304019000014,2022-09-17,,,,Tvååkers IF - GAIS,
304019000015,2022-09-17,,,,Lindome GIF - BK Olympic,
304015000019,2022-09-17,,,,Oskarshamns AIK - Qviding FIF,
304017750014,2022-09-17,,,,Lunds BK - IK Oddevold,
304018000014,2022-09-17,,,,Åtvidabergs FF - IFK Malmo FK,
304016000013,2022-09-18,,,,Falkenbergs FF - Vänersborgs IF,
304017250019,2022-09-19,,,,FC Trollhättan - Ljungskile SK,
304020250012,2022-09-24,,,,Torns IF - Tvååkers IF,
304014750018,2022-09-24,,,,BK Olympic - FC Trollhättan,
304017500009,2022-09-24,,,,IFK Malmo FK - Vänersborgs IF,
304017500010,2022-09-24,,,,IK Oddevold - Åtvidabergs FF,
304018500018,2022-09-24,,,,Oskarshamns AIK - Ängelholms FF,
304019750014,2022-09-24,,,,Qviding FIF - Lunds BK,
304016250017,2022-09-25,,,,Ljungskile SK - Falkenbergs FF,
304019500014,2022-09-26,,,,GAIS - Lindome GIF,
304014750016,2022-10-01,,,,Vänersborgs IF - GAIS,
304021750017,2022-10-01,,,,Tvååkers IF - BK Olympic,
304018250012,2022-10-01,,,,Lindome GIF - IFK Malmo FK,
304019500015,2022-10-01,,,,Lunds BK - Oskarshamns AIK,
304021000016,2022-10-01,,,,Ängelholms FF - Åtvidabergs FF,
304021750018,2022-10-01,,,,Ljungskile SK - Torns IF,
304015750006,2022-10-02,,,,Falkenbergs FF - Qviding FIF,
304020500018,2022-10-03,,,,FC Trollhättan - IK Oddevold,
304017250018,2022-10-08,,,,Qviding FIF - GAIS,
304020750008,2022-10-08,,,,BK Olympic - Lunds BK,
304019000010,2022-10-08,,,,Torns IF - Vänersborgs IF,
304021000015,2022-10-08,,,,IFK Malmo FK - Ljungskile SK,
304021000014,2022-10-08,,,,Falkenbergs FF - Lindome GIF,
304019000011,2022-10-08,,,,Oskarshamns AIK - Tvååkers IF,
304016500016,2022-10-09,,,,Åtvidabergs FF - FC Trollhättan,
304018500016,2022-10-09,,,,IK Oddevold - Ängelholms FF,
304016500015,2022-10-14,,,,Lunds BK - Ängelholms FF,
304018750013,2022-10-14,,,,IFK Malmo FK - Torns IF,
304014750013,2022-10-15,,,,IK Oddevold - BK Olympic,
304018500014,2022-10-15,,,,Vänersborgs IF - Qviding FIF,
304016250016,2022-10-15,,,,Tvååkers IF - Åtvidabergs FF,
304017000007,2022-10-15,,,,Ljungskile SK - Oskarshamns AIK,
304014500015,2022-10-17,,,,GAIS - Falkenbergs FF,
304019750013,2022-10-17,,,,FC Trollhättan - Lindome GIF,
304021000013,2022-10-22,,,,Qviding FIF - IFK Malmo FK,
304019500013,2022-10-22,,,,BK Olympic - Ljungskile SK,
304021750013,2022-10-22,,,,Lindome GIF - Lunds BK,
304021750014,2022-10-22,,,,Ängelholms FF - Tvååkers IF,
304018000011,2022-10-22,,,,Åtvidabergs FF - GAIS,
304020500015,2022-10-22,,,,Torns IF - IK Oddevold,
304020500016,2022-10-22,,,,Oskarshamns AIK - Vänersborgs IF,
304017750013,2022-10-23,,,,Falkenbergs FF - FC Trollhättan,
304016750011,2022-10-29,,,,Tvååkers IF - IK Oddevold,
304018000010,2022-10-29,,,,Torns IF - Falkenbergs FF,
304017750012,2022-10-29,,,,Qviding FIF - Lindome GIF,
304018000009,2022-10-29,,,,Vänersborgs IF - BK Olympic,
304014500013,2022-10-29,,,,Ljungskile SK - Åtvidabergs FF,
304015000013,2022-10-29,,,,Lunds BK - GAIS,
304020750007,2022-10-29,,,,IFK Malmo FK - Oskarshamns AIK,
304018750010,2022-10-30,,,,FC Trollhättan - Ängelholms FF,
304015000014,2022-11-05,,,,Oskarshamns AIK - FC Trollhättan,
304016000011,2022-11-05,,,,GAIS - IFK Malmo FK,
304016500013,2022-11-05,,,,Falkenbergs FF - Lunds BK,
304017000006,2022-11-05,,,,Åtvidabergs FF - Torns IF,
304018000008,2022-11-05,,,,Lindome GIF - Tvååkers IF,
304019750012,2022-11-05,,,,Ängelholms FF - Ljungskile SK,
304020250009,2022-11-05,,,,IK Oddevold - Vänersborgs IF,
304021750012,2022-11-05,,,,BK Olympic - Qviding FIF,
